<?xml version="1.0" encoding="UTF-8" standalone="yes"?>
<eum:EarthObservation xmlns="http://www.eumetsat.int/sip" xmlns:eum="http://www.eumetsat.int/eop/1.0" xmlns:gml="http://www.opengis.net/gml/3.2" xmlns:xlink="http://www.w3.org/1999/xlink" xmlns:om="http://www.opengis.net/om/2.0" xmlns:ns6="http://www.isotc211.org/2005/gco" xmlns:ns7="http://www.isotc211.org/2005/gmx" xmlns:ns8="http://www.isotc211.org/2005/gmd" xmlns:ns9="http://www.isotc211.org/2005/gts" xmlns:eop="http://www.opengis.net/eop/2.1" xmlns:ows="http://www.opengis.net/ows/2.0" xmlns:ns12="http://www.opengis.net/gml" xmlns:ns13="http://www.opengis.net/swe/1.0" xmlns:ns14="http://www.w3.org/2001/SMIL20/" xmlns:ns15="http://www.w3.org/2001/SMIL20/Language" gml:id="idSIPMetadata_2_1">
    <gml:boundedBy xmlns:xsi="http://www.w3.org/2001/XMLSchema-instance" xsi:nil="true"/>
    <om:phenomenonTime>
        <gml:TimePeriod gml:id="phenomenonTime">
            <gml:beginPosition>2024-08-14T07:50:00.000Z</gml:beginPosition>
            <gml:endPosition>2024-08-14T08:00:00.000Z</gml:endPosition>
        </gml:TimePeriod>
    </om:phenomenonTime>
    <om:resultTime>
        <gml:TimeInstant gml:id="resultTime">
            <gml:timePosition>2024-08-14T07:50:00.000Z</gml:timePosition>
        </gml:TimeInstant>
    </om:resultTime>
    <om:procedure>
        <eop:EarthObservationEquipment gml:id="procedure">
            <gml:boundedBy xmlns:xsi="http://www.w3.org/2001/XMLSchema-instance" xsi:nil="true"/>
            <eop:platform>
                <eop:Platform>
                    <eop:shortName>MTI1</eop:shortName>
                    <eop:orbitType>GEO</eop:orbitType>
                </eop:Platform>
            </eop:platform>
            <eop:instrument>
                <eop:Instrument>
                    <eop:shortName>LI</eop:shortName>
                    <eop:description>Lightning Imager</eop:description>
                </eop:Instrument>
            </eop:instrument>
            <eop:acquisitionParameters>
                <eum:Acquisition>
                    <eum:mtgCoverage>
                        <eum:MTGCoverage>
                            <eum:repeatCycleIdentifier>48</eum:repeatCycleIdentifier>
                            <eum:majorRegionType>FullDisc</eum:majorRegionType>
                            <eum:majorRegionCoverage>FD</eum:majorRegionCoverage>
                            <eum:subRegionIdentifier>2</eum:subRegionIdentifier>
                        </eum:MTGCoverage>
                    </eum:mtgCoverage>
                </eum:Acquisition>
            </eop:acquisitionParameters>
        </eop:EarthObservationEquipment>
    </om:procedure>
    <om:observedProperty nilReason="inapplicable"/>
    <om:featureOfInterest nilReason="inapplicable"/>
    <om:result xmlns:eu="http://www.eumetsat.int/sentinel">
        <eop:EarthObservationResult gml:id="result">
            <eop:product>
                <eop:ProductInformation>
                    <eop:fileName>
                        <ows:ServiceReference xlink:href="W_XX-EUMETSAT-Darmstadt,IMG+SAT,MTI1+LI-2-AFA--FD--x-x--ARC-x_C_EUMT_20240814080023_L2PF_OPE_20240814075000_20240814080000_N__T_0048_0000">
                            <ows:Identifier>W_XX-EUMETSAT-Darmstadt,IMG+SAT,MTI1+LI-2-AFA--FD--x-x--ARC-x_C_EUMT_20240814080023_L2PF_OPE_20240814075000_20240814080000_N__T_0048_0000</ows:Identifier>
                            <ows:RequestMessage/>
                  </ows:ServiceReference>
               </eop:fileName>
                    <eop:version>original</eop:version>
                    <eop:size uom="KB">1972</eop:size>
                    <eop:timeliness>NRT</eop:timeliness>
            </eop:ProductInformation>
         </eop:product>
      </eop:EarthObservationResult>
   </om:result>
    <eop:metaDataProperty>
        <eum:EarthObservationMetaData>
            <eop:identifier>W_XX-EUMETSAT-Darmstadt,IMG+SAT,MTI1+LI-2-AFA--FD--x-x--ARC-x_C_EUMT_20240814080023_L2PF_OPE_20240814075000_20240814080000_N__T_0048_0000</eop:identifier>
            <eop:parentIdentifier>EO:EUM:DAT:0687</eop:parentIdentifier>
            <eop:acquisitionType>NOMINAL</eop:acquisitionType>
            <eop:acquisitionSubType>T</eop:acquisitionSubType>
            <eop:productType>MTILI2AFA</eop:productType>
            <eop:status>ACQUIRED</eop:status>
            <eop:downlinkedTo>
                <eop:DownlinkInformation>
                    <eop:acquisitionStation codeSpace="urn:eop:EUM:stationCode">MDA</eop:acquisitionStation>
                </eop:DownlinkInformation>
            </eop:downlinkedTo>
            <eop:productQualityStatus>NOMINAL</eop:productQualityStatus>
            <eop:processing>
                <eop:ProcessingInformation>
                    <eop:processingCenter>EUM</eop:processingCenter>
                    <eop:processingDate>2024-08-14T08:00:23.000Z</eop:processingDate>
                    <eop:methodVersion>original</eop:methodVersion>
                    <eop:processorName>L2PF</eop:processorName>
                    <eop:nativeProductFormat>NC4E</eop:nativeProductFormat>
                    <eop:processingMode>N</eop:processingMode>
                </eop:ProcessingInformation>
            </eop:processing>
            <eum:granuleType>DP</eum:granuleType>
            <eum:processingLevel>02</eum:processingLevel>
            <eum:extraInformation/>
        </eum:EarthObservationMetaData>
    </eop:metaDataProperty>
</eum:EarthObservation>
