<?xml version="1.0" encoding="UTF-8" standalone="yes"?>
<informationPackage xmlns="http://www.eumetsat.int/sip" xmlns:eum="http://www.eumetsat.int/eop/1.0" xmlns:gml="http://www.opengis.net/gml/3.2" xmlns:xlink="http://www.w3.org/1999/xlink" xmlns:om="http://www.opengis.net/om/2.0" xmlns:ns6="http://www.isotc211.org/2005/gco" xmlns:ns7="http://www.isotc211.org/2005/gmx" xmlns:ns8="http://www.isotc211.org/2005/gmd" xmlns:ns9="http://www.isotc211.org/2005/gts" xmlns:eop="http://www.opengis.net/eop/2.1" xmlns:ows="http://www.opengis.net/ows/2.0" xmlns:ns12="http://www.opengis.net/gml" xmlns:ns13="http://www.opengis.net/swe/1.0" xmlns:ns14="http://www.w3.org/2001/SMIL20/" xmlns:ns15="http://www.w3.org/2001/SMIL20/Language">
    <dataSection>
        <dataObject ID="W_XX-EUMETSAT-Darmstadt,IMG+SAT,MTI1+LI-2-AFA--FD--CHK-TRAIL--ARC-NC4E_C_EUMT_20240814080023_L2PF_OPE_20240814075000_20240814080000_N__T_0048_0002.nc">
            <fileType>Data</fileType>
            <format>NetCDF</format>
            <size>14293</size>
            <path>W_XX-EUMETSAT-Darmstadt,IMG+SAT,MTI1+LI-2-AFA--FD--CHK-TRAIL--ARC-NC4E_C_EUMT_20240814080023_L2PF_OPE_20240814075000_20240814080000_N__T_0048_0002.nc</path>
            <checksum algorithm="md5">223db22154f146c020686578f820a3e9</checksum>
        </dataObject>
        <dataObject ID="W_XX-EUMETSAT-Darmstadt,IMG+SAT,MTI1+LI-2-AFA--FD--QCK-IMAGE--ARC-PNG_C_EUMT_20240814080018_L2PF_OPE_20240814075000_20240814080000_N__T_0048_0001.jpg">
            <fileType>Browse</fileType>
            <format>JPEG</format>
            <size>22799</size>
            <path>W_XX-EUMETSAT-Darmstadt,IMG+SAT,MTI1+LI-2-AFA--FD--QCK-IMAGE--ARC-PNG_C_EUMT_20240814080018_L2PF_OPE_20240814075000_20240814080000_N__T_0048_0001.jpg</path>
        </dataObject>
        <dataObject ID="W_XX-EUMETSAT-Darmstadt,IMG+SAT,MTI1+LI-2-AFA--FD--CHK-BODY--ARC-NC4E_C_EUMT_20240814080018_L2PF_OPE_20240814075000_20240814080000_N__T_0048_0001.nc">
            <fileType>Data</fileType>
            <format>NetCDF</format>
            <size>1868288</size>
            <path>W_XX-EUMETSAT-Darmstadt,IMG+SAT,MTI1+LI-2-AFA--FD--CHK-BODY--ARC-NC4E_C_EUMT_20240814080018_L2PF_OPE_20240814075000_20240814080000_N__T_0048_0001.nc</path>
            <checksum algorithm="md5">03e0b77477e57a12fb291d0ab53dfba7</checksum>
        </dataObject>
        <dataObject ID="quicklooks">
            <fileType>Other</fileType>
            <format>FILESYSTEM</format>
            <size>104912</size>
            <path>quicklooks</path>
        </dataObject>
    </dataSection>
    <eopmetadataSection>
        <path>EOPMetadata.xml</path>
    </eopmetadataSection>
</informationPackage>
